{"cameraMode":{"drawMode":0,"name":"Shaded","section":"Shading Mode"},"sceneLighting":true,"audioPlay":false,"sceneViewState":{"m_AlwaysRefresh":false,"showFog":true,"showSkybox":true,"showFlares":true,"showImageEffects":true,"showParticleSystems":true,"showVisualEffectGraphs":true,"m_FxEnabled":true},"in2DMode":false,"pivot":{"x":0.4044971168041229,"y":3.6229305267333986,"z":8.753551483154297},"rotation":{"x":-0.18175888061523438,"y":-0.1895356923341751,"z":0.035722795873880389,"w":-0.9642600417137146},"size":8.792265892028809,"orthographic":true}