{"cameraMode":{"drawMode":0,"name":"Shaded","section":"Shading Mode"},"sceneLighting":true,"audioPlay":false,"sceneViewState":{"m_AlwaysRefresh":false,"showFog":true,"showSkybox":true,"showFlares":true,"showImageEffects":true,"showParticleSystems":true,"showVisualEffectGraphs":true,"m_FxEnabled":true},"in2DMode":false,"pivot":{"x":3.5762786865234377e-7,"y":-34.82064437866211,"z":-1.1920928955078126e-7},"rotation":{"x":-0.11685021221637726,"y":-0.16660887002944947,"z":0.01988866738975048,"w":-0.9788812398910523},"size":3.025963068008423,"orthographic":true}