{"cameraMode":{"drawMode":0,"name":"Shaded","section":"Shading Mode"},"sceneLighting":true,"audioPlay":false,"sceneViewState":{"m_AlwaysRefresh":false,"showFog":true,"showSkybox":true,"showFlares":true,"showImageEffects":true,"showParticleSystems":true,"showVisualEffectGraphs":true,"m_FxEnabled":true},"in2DMode":false,"pivot":{"x":938.5096435546875,"y":1888.712646484375,"z":-11.63995361328125},"rotation":{"x":-0.1837354451417923,"y":-0.016793740913271905,"z":0.0031417994759976866,"w":-0.9828464388847351},"size":404.1175842285156,"orthographic":true}