{"cameraMode":{"drawMode":0,"name":"Shaded","section":"Shading Mode"},"sceneLighting":false,"audioPlay":false,"sceneViewState":{"m_AlwaysRefresh":false,"showFog":true,"showSkybox":false,"showFlares":true,"showImageEffects":true,"showParticleSystems":true,"showVisualEffectGraphs":true,"m_FxEnabled":true},"in2DMode":false,"pivot":{"x":-0.4698510766029358,"y":-0.9820646047592163,"z":-0.5857419967651367},"rotation":{"x":-0.11685021221637726,"y":-0.16660887002944947,"z":0.01988866738975048,"w":-0.9788812398910523},"size":1.5103482007980347,"orthographic":true}